epoch,steps,MAP,MRR@10,NDCG@10
1.0,4633,0.796697981542541,0.9290155440414507,0.8725509972091967
2.0,9266,0.8092970477037834,0.9314951887490746,0.8815549897757152
3.0,13899,0.8103874919937096,0.934761287934863,0.8823838163346124
1.0,4633,0.7976733782433264,0.9298482605477423,0.8735326727171319
2.0,9266,0.8095938412000587,0.936482235381199,0.8829935625266973
3.0,13899,0.8076720822834812,0.9333364174685418,0.8814311599192651
